"","plot","par","date"
"1",2404,0.942891859052248,2022-07-15
"2",2405,0.966435801811401,2022-08-05
"3",2405,0.96430474160895,2022-08-05
"4",2405,0.943826179120297,2022-08-05
"5",2459,1.02084539664157,2022-08-05
"6",2458,0.957283680175246,2022-08-05
"7",2459,0.974860335195531,2022-08-05
"8",2405,0.924668435013263,2022-08-05
"9",2462,0.990883190883191,2022-08-05
"10",2462,0.965,2022-08-05
"11",13,1.22066057624736,2022-07-15
"12",2458,0.985193621867882,2022-08-05
"13",2461,0.995927865037813,2022-06-09
"14",2460,0.977051061388411,2022-04-05
"15",2460,0.96921322690992,2022-04-05
"16",2401,0.998238402818555,2022-04-05
"17",12,0.992986557568673,2022-04-05
"18",2460,0.974712643678161,2022-04-05
"19",12,0.973563218390805,2022-04-05
"20",11,0.974108170310702,2022-04-05
"21",11,0.966304968589378,2022-04-05
"22",12,0.992375366568915,2022-04-05
"23",2459,0.97185525560023,2022-06-09
"24",2405,0.934290447266704,2022-08-05
"25",15,0.987726475745178,2022-04-05
"26",2404,0.977996525767226,2022-05-06
"27",13,0.967316513761468,2022-04-05
"28",2459,0.978538283062645,2022-07-15
"29",13,0.986541837331773,2022-04-05
"30",2401,0.973988439306358,2022-06-09
"31",2401,0.991176470588235,2022-07-15
"32",13,0.967260195290063,2022-04-05
"33",2404,0.974537037037037,2022-05-06
"34",2461,0.984795321637427,2022-05-06
"35",12,0.970028818443804,2022-04-05
"36",2401,0.975652173913043,2022-08-05
"37",13,0.969452449567723,2022-04-05
"38",15,0.969452449567723,2022-04-05
"39",2401,0.990571596935769,2022-04-05
"40",2402,0.969417195614541,2022-05-06
"41",2403,0.974463145676146,2022-04-05
"42",2461,0.985907222548444,2022-05-06
"43",2403,0.974448315911731,2022-04-05
"44",2461,0.985898942420682,2022-04-05
"45",2460,0.96824480369515,2022-04-05
"46",2460,0.982425307557118,2022-04-05
"47",13,0.951219512195122,2022-06-09
"48",2458,0.961538461538462,2022-04-05
"49",2401,0.978375219170076,2022-04-05
"50",11,0.97723292469352,2022-04-05
"51",2462,0.97212543554007,2022-07-15
"52",2405,0.960390355912744,2022-04-05
"53",15,0.967611336032389,2022-04-05
"54",2458,0.968731905037638,2022-05-06
"55",2459,0.971528181289948,2022-05-06
"56",2459,0.91566265060241,2022-08-05
"57",15,0.959793222286042,2022-04-05
"58",2462,0.978910369068541,2022-05-06
"59",2458,0.954857142857143,2022-06-09
"60",12,0.969239698200813,2022-04-05
"61",15,0.9760374050263,2022-05-06
"62",2405,0.965876229034124,2022-06-09
"63",14,0.95754446356856,2022-04-05
"64",2462,0.980035231943629,2022-05-06
"65",2405,0.980035231943629,2022-05-06
"66",2462,0.968659315147998,2022-06-09
"67",2402,0.977166276346604,2022-06-09
"68",13,0.947189097103918,2022-06-09
"69",11,0.946651532349603,2022-08-05
"70",2459,0.969749854566608,2022-05-06
"71",12,0.974853801169591,2022-07-15
"72",2402,0.968041836141778,2022-04-05
"73",2461,0.968041836141778,2022-04-05
"74",11,0.970862470862471,2022-04-05
"75",15,0.957471264367816,2022-04-05
"76",2403,0.984042553191489,2022-04-05
"77",2403,0.997005988023952,2022-06-09
"78",2401,0.975953079178886,2022-08-05
"79",2461,0.970811441914769,2022-04-05
"80",15,0.948659440958357,2022-07-15
"81",13,0.973607038123167,2022-04-05
"82",2461,0.970760233918129,2022-05-06
"83",2460,0.973607038123167,2022-06-09
"84",13,0.948571428571429,2022-06-09
"85",13,0.970192869666861,2022-07-15
"86",2405,0.956195965417867,2022-06-09
"87",2404,0.963393375944218,2022-04-05
"88",2401,0.963953488372093,2022-05-06
"89",2462,0.954519286125504,2022-05-06
"90",2403,0.97874852420307,2022-07-15
"91",2405,0.967892586106246,2022-07-15
"92",15,0.963372093023256,2022-05-06
"93",2402,0.974132863021752,2022-06-09
"94",2462,0.965034965034965,2022-07-15
"95",2459,0.971244131455399,2022-08-05
"96",2402,0.969519343493552,2022-05-06
"97",2462,0.997587454764777,2022-08-05
"98",2402,0.969483568075117,2022-05-06
"99",2401,0.96551724137931,2022-08-05
"100",2460,0.979833926453143,2022-07-15
"101",2462,0.980403800475059,2022-08-05
"102",2401,0.964932787843366,2022-07-15
"103",2458,0.973451327433628,2022-05-06
"104",12,0.969447708578143,2022-05-06
"105",2462,0.94552752293578,2022-05-06
"106",2462,0.942285714285714,2022-06-09
"107",2458,0.957582800697269,2022-04-05
"108",2402,0.978622327790974,2022-05-06
"109",2402,0.998787878787879,2022-07-15
"110",2403,0.957558139534884,2022-04-05
"111",2403,0.962032710280374,2022-05-06
"112",2404,0.960887332165791,2022-04-05
"113",2404,0.961448598130841,2022-04-05
"114",2405,0.934128336172629,2022-06-09
"115",2405,0.945914844649022,2022-04-05
"116",2459,0.934090909090909,2022-06-09
"117",2405,0.940435280641466,2022-04-05
"118",2458,0.950231481481482,2022-05-06
"119",2401,0.950231481481482,2022-06-09
"120",2459,0.943103448275862,2022-05-06
"121",2458,0.962441314553991,2022-04-05
"122",13,0.935539075869937,2022-06-09
"123",11,0.943037974683544,2022-07-15
"124",2459,0.928004535147392,2022-06-09
"125",2402,0.99816961561928,2022-07-15
"126",2403,0.944540727902946,2022-05-06
"127",2458,0.948345908299478,2022-04-05
"128",2404,0.940161104718067,2022-05-06
"129",2461,0.951105937136205,2022-06-09
"130",2405,0.937428243398393,2022-06-09
"131",2402,0.963990554899646,2022-06-09
"132",2459,0.953828170660432,2022-04-05
"133",2402,0.998775260257195,2022-07-15
"134",15,0.94712376525276,2022-06-09
"135",2461,0.956011730205279,2022-06-09
"136",2458,0.89119737561509,2022-08-05
"137",2404,0.942708333333333,2022-06-09
"138",2405,0.943768115942029,2022-04-05
"139",15,0.951490356516657,2022-06-09
"140",11,0.948717948717949,2022-07-15
"141",2459,0.923382519863791,2022-04-05
"142",11,0.949241540256709,2022-05-06
"143",2401,0.930778032036613,2022-06-09
"144",2401,0.929183323814963,2022-06-09
"145",2402,0.957058823529412,2022-06-09
"146",2402,0.959316037735849,2022-07-15
"147",11,0.987249544626594,2022-08-05
"148",13,0.939341421143847,2022-07-15
"149",2459,0.951405152224824,2022-07-15
"150",12,0.932183908045977,2022-06-09
"151",2461,0.963161021984551,2022-04-05
"152",2458,0.944638694638695,2022-04-05
"153",12,0.940800928612885,2022-06-09
"154",2402,0.967761194029851,2022-07-15
"155",13,0.955188679245283,2022-05-06
"156",2404,0.946814728229106,2022-06-09
"157",14,0.935260115606936,2022-02-17
"158",2401,0.940151074956421,2022-04-05
"159",2401,0.932564841498559,2022-06-09
"160",13,0.937935034802784,2022-05-06
"161",2401,0.97524154589372,2022-08-05
"162",2404,0.946596244131455,2022-08-05
"163",11,0.92692750287687,2022-06-09
"164",2459,0.927953890489914,2022-05-06
"165",2405,0.944281524926686,2022-07-15
"166",15,0.937099592312172,2022-06-09
"167",2401,0.933255948926291,2022-07-15
"168",2459,0.942521994134897,2022-04-05
"169",13,0.916714204221335,2022-06-09
"170",2401,0.94526191877575,2022-05-06
"171",11,0.910947249007374,2022-06-09
"172",2460,0.930974477958237,2022-05-06
"173",15,0.939589442815249,2022-06-09
"174",2405,0.923342939481268,2022-06-09
"175",13,0.928695652173913,2022-07-15
"176",15,0.935710111046172,2022-05-06
"177",2404,0.941730429664508,2022-06-09
"178",11,0.934579439252336,2022-07-15
"179",12,0.906976744186046,2022-06-09
"180",15,0.916284403669725,2022-06-09
"181",2462,0.92530399536769,2022-06-09
"182",2458,0.891243725599554,2022-08-05
"183",2401,0.937243401759531,2022-07-15
"184",2405,0.921965317919075,2022-05-06
"185",11,0.931618936294565,2022-04-05
"186",12,0.953836930455635,2022-05-06
"187",2458,0.923300406740267,2022-05-06
"188",11,0.910601719197708,2022-06-09
"189",2405,0.91946697566628,2022-05-06
"190",12,0.945768772348033,2022-05-06
"191",14,0.937389249852333,2022-07-15
"192",2461,0.930123311802701,2022-07-15
"193",14,0.905963302752294,2022-02-17
"194",2460,0.928319623971798,2022-06-09
"195",2403,0.936573799644339,2022-07-15
"196",2459,0.927144535840188,2022-04-05
"197",11,0.900628212450029,2022-06-09
"198",2462,0.902690326273612,2022-06-09
"199",2402,0.964525993883792,2022-06-09
"200",2459,0.92379835873388,2022-04-05
"201",2405,0.920514319111631,2022-05-06
"202",11,0.913573085846868,2022-07-15
"203",2461,0.92692987625221,2022-02-17
"204",2460,0.905529953917051,2022-02-17
"205",2460,0.908145580589255,2022-05-06
"206",2461,0.909196067090804,2022-07-15
"207",2458,0.910672853828306,2022-07-15
"208",11,0.922804949911609,2022-08-05
"209",2404,0.919858573954037,2022-07-15
"210",2459,0.894495412844037,2022-05-06
"211",13,0.912280701754386,2022-05-06
"212",2460,0.914419695193435,2022-06-09
"213",12,0.899653979238754,2022-07-15
"214",2459,0.839439655172414,2022-08-05
"215",11,0.912712360867018,2022-07-15
"216",2460,0.896829971181556,2022-02-17
"217",11,0.922894424673784,2022-05-06
"218",13,0.904595695171611,2022-05-06
"219",2458,0.90139211136891,2022-07-15
"220",11,0.960371517027864,2022-08-05
"221",2401,0.918790752815649,2022-05-06
"222",12,0.895953757225434,2022-05-06
"223",2462,0.88704128440367,2022-06-09
"224",2462,0.913762551683402,2022-07-15
"225",2461,0.891844997108155,2022-06-09
"226",2458,0.894370284387696,2022-07-15
"227",11,0.902639296187683,2022-05-06
"228",14,0.893666472980825,2022-02-17
"229",11,0.926461723930078,2022-02-17
"230",15,0.900410076157001,2022-07-15
"231",12,0.888824551244933,2022-07-15
"232",2460,0.886192952050838,2022-02-17
"233",14,0.896028037383178,2022-07-15
"234",2403,0.909792284866469,2022-06-09
"235",14,0.8689733408962,2022-06-09
"236",15,0.895601173020528,2022-05-06
"237",15,0.887790697674419,2022-05-06
"238",14,0.889277389277389,2022-02-17
"239",2405,0.895539906103286,2022-04-05
"240",2462,0.91044776119403,2022-05-06
"241",2458,0.879838243789717,2022-02-17
"242",2461,0.88546511627907,2022-07-15
"243",2461,0.880138969310944,2022-05-06
"244",12,0.880579710144928,2022-06-09
"245",2459,0.866933181039406,2022-02-17
"246",2403,0.877752027809965,2022-06-09
"247",12,0.952800503461296,2022-08-05
"248",14,0.987589810581319,2022-08-05
"249",12,0.866819747416762,2022-02-17
"250",2403,0.905048076923077,2022-02-17
"251",2460,0.86,2022-02-17
"252",2403,0.887382075471698,2022-06-09
"253",12,0.862801377726751,2022-02-17
"254",2404,0.862801377726751,2022-02-17
"255",11,0.848194130925508,2022-08-05
"256",2405,0.865129682997118,2022-02-17
"257",2405,0.891859774212715,2022-07-15
"258",15,0.87719298245614,2022-07-15
"259",14,0.859518348623853,2022-06-09
"260",2460,0.906836055656382,2022-07-15
"261",2462,0.865317919075145,2022-02-17
"262",2405,0.91840490797546,2022-07-15
"263",13,0.862247838616715,2022-07-15
"264",2460,0.861095100864553,2022-02-17
"265",2402,0.861014994232987,2022-02-17
"266",15,0.867518884369553,2022-07-15
"267",2401,0.881796690307329,2022-02-17
"268",2458,0.883817427385892,2022-07-15
"269",2401,0.86453488372093,2022-05-06
"270",2461,0.866045428072219,2022-07-15
"271",2459,0.848571428571429,2022-06-09
"272",2458,0.854430379746835,2022-06-09
"273",2404,0.979551451187335,2022-08-05
"274",2404,0.860289855072464,2022-07-15
"275",2458,0.858217592592593,2022-06-09
"276",2458,0.865575686732905,2022-02-17
"277",11,0.880952380952381,2022-05-06
"278",2402,0.84020618556701,2022-05-06
"279",15,0.842619184376795,2022-07-15
"280",2405,0.847976878612717,2022-07-15
"281",15,0.989203778677463,2022-08-05
"282",2401,0.870392390011891,2022-08-05
"283",2404,0.877098321342926,2022-07-15
"284",2462,0.810870770937327,2022-08-05
"285",15,0.99591280653951,2022-08-05
"286",2402,0.855386416861827,2022-04-05
"287",14,0.969475779694758,2022-08-05
"288",2459,0.838598506605399,2022-02-17
"289",2401,0.836593785960875,2022-05-06
"290",2403,0.865315852205006,2022-02-17
"291",2458,0.84369552585706,2022-05-06
"292",2404,0.986403806934058,2022-08-05
"293",12,0.819209039548023,2022-07-15
"294",12,0.846288720046756,2022-02-17
"295",11,0.838260869565217,2022-02-17
"296",2401,0.824401368301026,2022-04-05
"297",2404,0.829408385985066,2022-02-17
"298",13,0.992429456297316,2022-08-05
"299",2401,0.839836924868957,2022-07-15
"300",2459,0.842197545295149,2022-07-15
"301",2401,0.867992766726944,2022-02-17
"302",2462,0.836141778036026,2022-02-17
"303",2458,0.807519640852974,2022-08-05
"304",12,0.925353925353925,2022-08-05
"305",2462,0.822821100917431,2022-02-17
"306",12,0.811898016997167,2022-06-09
"307",2402,0.840281855549031,2022-04-05
"308",2403,0.85688622754491,2022-07-15
"309",14,0.820218265364733,2022-02-17
"310",14,0.824480369515012,2022-04-05
"311",2459,0.815684029765312,2022-06-09
"312",14,0.816303099885189,2022-04-05
"313",2405,0.821387283236994,2022-02-17
"314",2402,0.825101685066822,2022-02-17
"315",14,0.818443804034582,2022-04-05
"316",2461,0.854731766124171,2022-02-17
"317",2402,0.827058823529412,2022-04-05
"318",2404,0.821114369501466,2022-02-17
"319",2458,0.85995085995086,2022-02-17
"320",12,0.914435009797518,2022-08-05
"321",2460,0.814577259475219,2022-07-15
"322",2405,0.802540415704388,2022-02-17
"323",2458,0.794622425629291,2022-06-09
"324",12,0.810052600818235,2022-02-17
"325",13,0.790285714285714,2022-02-17
"326",12,0.921385742838108,2022-08-05
"327",2405,0.834340991535671,2022-02-17
"328",2403,0.788538681948424,2022-02-17
"329",14,0.781890660592255,2022-06-09
"330",2404,0.797556719022688,2022-04-05
"331",2461,0.801169590643275,2022-05-06
"332",14,0.813056379821958,2022-05-06
"333",12,0.909454061251665,2022-08-05
"334",2404,0.850718301061836,2022-07-15
"335",2402,0.800353356890459,2022-04-05
"336",2458,0.776368876080692,2022-06-09
"337",12,0.795966785290629,2022-07-15
"338",15,0.933147632311978,2022-08-05
"339",2462,0.793942992874109,2022-02-17
"340",13,0.97733918128655,2022-08-05
"341",2404,0.765859284890427,2022-05-06
"342",12,0.786729857819905,2022-05-06
"343",2460,0.772462077012835,2022-07-15
"344",2461,0.772352941176471,2022-02-17
"345",13,0.925847457627119,2022-08-05
"346",14,0.771513353115727,2022-05-06
"347",2462,0.761290322580645,2022-07-15
"348",2404,0.756268221574344,2022-06-09
"349",2403,0.753648569760654,2022-05-06
"350",2403,0.87212449255751,2022-08-05
"351",2461,0.75219170075979,2022-07-15
"352",2459,0.75219170075979,2022-07-15
"353",15,0.746806039488966,2022-02-17
"354",13,1,2022-08-05
"355",11,0.75886524822695,2022-02-17
"356",2403,1.46330275229358,2022-08-05
"357",2403,0.749852854620365,2022-04-05
"358",2404,0.743424897720631,2022-02-17
"359",15,0.977675134719015,2022-08-05
"360",2403,1.39053905390539,2022-08-05
"361",2403,0.720068415051311,2022-02-17
"362",2403,0.747630331753555,2022-07-15
"363",13,0.722543352601156,2022-05-06
"364",13,0.719308357348703,2022-02-17
"365",13,0.714695752009185,2022-02-17
"366",14,0.714861751152074,2022-04-05
"367",2461,0.968701095461659,2022-08-05
"368",2458,0.725778038755138,2022-07-15
"369",12,0.72046783625731,2022-02-17
"370",15,0.866291344123856,2022-08-05
"371",2405,0.711393869288606,2022-05-06
"372",2459,0.727164887307236,2022-07-15
"373",2402,0.697940503432494,2022-02-17
"374",15,0.697874784606548,2022-02-17
"375",2404,0.702312138728324,2022-06-09
"376",13,0.811623246492986,2022-08-05
"377",14,0.769474350854972,2022-08-05
"378",2460,0.698843930635838,2022-05-06
"379",2402,0.693854106835152,2022-02-17
"380",2403,0.708504398826979,2022-06-09
"381",2459,0.699884125144844,2022-07-15
"382",2459,0.69164265129683,2022-02-17
"383",14,0.796407185628742,2022-08-05
"384",2403,0.690132717830352,2022-05-06
"385",2403,0.698943661971831,2022-05-06
"386",2460,0.878066914498141,2022-08-05
"387",2460,0.690866510538642,2022-06-09
"388",2461,0.890068233510235,2022-08-05
"389",2404,0.687830687830688,2022-05-06
"390",2461,0.889057750759878,2022-08-05
"391",15,0.671494785631518,2022-02-17
"392",2459,0.665709362435382,2022-02-17
"393",2404,0.661123853211009,2022-02-17
"394",13,0.676850763807286,2022-02-17
"395",2402,0.661654135338346,2022-02-17
"396",14,0.653119633657699,2022-07-15
"397",2460,0.889584964761159,2022-08-05
"398",15,0.656377402446127,2022-02-17
"399",2459,0.637714285714286,2022-02-17
"400",2461,0.641868512110727,2022-06-09
"401",15,0.648743424897721,2022-02-17
"402",2461,0.675123762376238,2022-02-17
"403",14,0.700772200772201,2022-08-05
"404",14,0.610294117647059,2022-06-09
"405",2461,0.964769647696477,2022-08-05
"406",11,0.631360946745562,2022-02-17
"407",14,0.621858562244302,2022-07-15
"408",2460,0.895181741335587,2022-08-05
"409",2404,0.619354838709677,2022-04-05
"410",2458,0.622340425531915,2022-02-17
"411",14,0.638855054811206,2022-07-15
"412",2404,0.657760814249364,2022-08-05
"413",11,0.59906487434249,2022-02-17
"414",2460,0.813450760608487,2022-08-05
"415",2458,0.585887796414112,2022-02-17
"416",2460,0.613885505481121,2022-07-15
"417",2402,0.999000999000999,2022-08-05
"418",2402,0.923933209647495,2022-08-05
"419",2402,0.916512059369202,2022-08-05
"420",2402,0.927631578947368,2022-08-05
"421",13,0.567723342939481,2022-02-17
"422",2403,0.554223744292237,2022-02-17
"423",14,0.561260210035006,2022-05-06
"424",2460,0.567711413364873,2022-05-06
"425",2402,0.879816513761468,2022-08-05
"426",11,0.539421440726035,2022-06-09
"427",2461,0.536231884057971,2022-04-05
"428",2460,0.534104046242775,2022-06-09
"429",2461,0.633333333333333,2022-08-05
"430",2404,0.576679340937896,2022-08-05
"431",2462,0.522267206477733,2022-02-17
"432",2405,0.522727272727273,2022-02-17
"433",2401,0.517101449275362,2022-02-17
"434",2460,0.700411522633745,2022-08-05
"435",14,0.483094555873926,2022-06-09
"436",2403,0.573519163763066,2022-08-05
"437",2403,0.57007299270073,2022-08-05
"438",2403,0.4589774078478,2022-07-15
"439",2461,0.423627684964201,2022-02-17
"440",14,0.416178194607268,2022-05-06
"441",2460,0.38281706604325,2022-05-06
"442",2401,0.376954255935148,2022-02-17
"443",14,0.337995337995338,2022-05-06
"444",2401,0.314352120859965,2022-02-17
"445",11,0.0906976744186047,2022-05-06
"446",15,0.81201044386423,2022-09-08
"447",15,0.855329949238579,2022-09-08
"448",15,0.953883495145631,2022-09-08
"449",15,0.914285714285714,2022-09-08
"450",15,0.935483870967742,2022-09-08
"451",14,0.83710407239819,2022-09-08
"452",14,0.644295302013423,2022-09-08
"453",14,0.717156105100464,2022-09-08
"454",14,0.720735785953177,2022-09-08
"455",14,0.795332136445242,2022-09-08
"456",13,0.931985294117647,2022-09-08
"457",13,0.977485928705441,2022-09-08
"458",13,0.936823104693141,2022-09-08
"459",13,0.908582089552239,2022-09-08
"460",13,0.825242718446602,2022-09-08
"461",12,0.896969696969697,2022-09-08
"462",12,0.83402489626556,2022-09-08
"463",12,0.90752688172043,2022-09-08
"464",12,0.847780126849894,2022-09-08
"465",12,0.859872611464968,2022-09-08
"466",11,0.637744034707158,2022-09-08
"467",11,0.897959183673469,2022-09-08
"468",11,0.895196506550218,2022-09-08
"469",11,0.866255144032922,2022-09-08
"470",11,0.981220657276995,2022-09-08
"471",2405,0.817102137767221,2022-09-08
"472",2405,0.918072289156627,2022-09-08
"473",2405,0.893719806763285,2022-09-08
"474",2405,0.922705314009662,2022-09-08
"475",2405,0.887828162291169,2022-09-08
"476",2459,0.954326923076923,2022-09-08
"477",2459,0.921241050119332,2022-09-08
"478",2459,0.844497607655502,2022-09-08
"479",2459,0.792941176470588,2022-09-08
"480",2459,0.857142857142857,2022-09-08
"481",2401,0.956185567010309,2022-09-08
"482",2401,0.877659574468085,2022-09-08
"483",2401,0.942307692307692,2022-09-08
"484",2401,0.868131868131868,2022-09-08
"485",2401,0.853868194842407,2022-09-08
"486",2462,0.700581395348837,2022-09-08
"487",2462,0.8,2022-09-08
"488",2462,0.777126099706745,2022-09-08
"489",2462,0.791304347826087,2022-09-08
"490",2462,0.763380281690141,2022-09-08
"491",2458,0.568922305764411,2022-09-08
"492",2458,0.790523690773067,2022-09-08
"493",2458,0.838028169014085,2022-09-08
"494",2458,0.804545454545455,2022-09-08
"495",2458,0.850549450549451,2022-09-08
"496",2461,0.81505376344086,2022-09-08
"497",2461,0.810457516339869,2022-09-08
"498",2461,0.817982456140351,2022-09-08
"499",2461,0.708888888888889,2022-09-08
"500",2461,0.78125,2022-09-08
"501",2404,0.574235807860262,2022-09-08
"502",2404,0.577777777777778,2022-09-08
"503",2404,0.753812636165577,2022-09-08
"504",2404,0.803879310344828,2022-09-08
"505",2404,0.829004329004329,2022-09-08
"506",2402,0.817787418655098,2022-09-08
"507",2402,0.86304347826087,2022-09-08
"508",2402,0.851612903225806,2022-09-08
"509",2402,0.858695652173913,2022-09-08
"510",2402,0.875816993464052,2022-09-08
"511",2403,0.7847533632287,2022-09-08
"512",2403,0.732584269662921,2022-09-08
"513",2403,0.715909090909091,2022-09-08
"514",2403,0.723897911832947,2022-09-08
"515",2403,0.84,2022-09-08
"516",2460,0.611650485436893,2022-09-08
"517",2460,0.801526717557252,2022-09-08
"518",2460,0.52319587628866,2022-09-08
"519",2460,0.646900269541779,2022-09-08
"520",2460,0.463414634146341,2022-09-08
"521",2403,0.80011655011655,2022-10-19
"522",2403,0.912200684150513,2022-10-19
"523",2403,0.778550724637681,2022-10-19
"524",2403,0.66984505363528,2022-10-19
"525",2403,0.609518348623853,2022-10-19
"526",2460,0.740289855072464,2022-10-19
"527",2460,0.791425260718424,2022-10-19
"528",2460,0.693889541715629,2022-10-19
"529",2460,0.486931818181818,2022-10-19
"530",2460,0.805365296803653,2022-10-19
"531",2402,0.803048065650645,2022-10-19
"532",2402,0.85632183908046,2022-10-19
"533",2402,0.888245512449334,2022-10-19
"534",2402,0.862009237875289,2022-10-19
"535",2402,0.735967926689576,2022-10-19
"536",2404,0.767958950969213,2022-10-19
"537",2404,0.78265963678969,2022-10-19
"538",2404,0.905813953488372,2022-10-19
"539",2404,0.452054794520548,2022-10-19
"540",2404,0.37098623853211,2022-10-19
"541",2461,0.823831242873432,2022-10-19
"542",2461,0.810285714285714,2022-10-19
"543",2461,0.822660098522167,2022-10-19
"544",2461,0.781492537313433,2022-10-19
"545",2461,0.835144927536232,2022-10-19
"546",2458,0.851113716295428,2022-10-19
"547",2458,0.777521613832853,2022-10-19
"548",2458,0.868804664723032,2022-10-19
"549",2458,0.860352155434123,2022-10-19
"550",2458,0.818181818181818,2022-10-19
"551",2462,0.939840392879067,2022-10-19
"552",2462,0.827586206896552,2022-10-19
"553",2462,0.913247362250879,2022-10-19
"554",2462,0.860635696821516,2022-10-19
"555",2462,0.940527283874923,2022-10-19
"556",2401,0.929970326409496,2022-10-19
"557",2401,0.942501481920569,2022-10-19
"558",2401,0.925256178420735,2022-10-19
"559",2401,0.904817861339601,2022-10-19
"560",2401,0.918367346938776,2022-10-19
"561",2459,0.879876160990712,2022-10-19
"562",2459,0.742070616397367,2022-10-19
"563",2459,0.948339483394834,2022-10-19
"564",2459,0.962135319677219,2022-10-19
"565",2459,0.817116060961313,2022-10-19
"566",2405,0.907542579075426,2022-10-19
"567",2405,0.903525046382189,2022-10-19
"568",2405,0.895121951219512,2022-10-19
"569",2405,0.890898131404461,2022-10-19
"570",2405,0.909363745498199,2022-10-19
"571",11,0.941958887545345,2022-10-19
"572",11,0.943728018757327,2022-10-19
"573",11,0.921708185053381,2022-10-19
"574",11,0.929834905660377,2022-10-19
"575",11,0.925745587340231,2022-10-19
"576",12,0.84272997032641,2022-10-19
"577",12,0.985889570552147,2022-10-19
"578",12,0.993369499698614,2022-10-19
"579",12,0.907628128724672,2022-10-19
"580",12,0.990925589836661,2022-10-19
"581",13,0.894522144522145,2022-10-19
"582",13,1.00185873605948,2022-10-19
"583",13,0.902061855670103,2022-10-19
"584",13,0.937075879086983,2022-10-19
"585",13,0.903768115942029,2022-10-19
"586",14,0.870066788099575,2022-10-19
"587",14,0.591319052987599,2022-10-19
"588",14,0.866345574954846,2022-10-19
"589",14,0.814948764315853,2022-10-19
"590",14,0.845410628019324,2022-10-19
"591",15,0.954938271604938,2022-10-19
"592",15,0.938294010889292,2022-10-19
"593",15,0.958407605466429,2022-10-19
"594",15,0.998150431565968,2022-10-19
"595",15,0.771939953810624,2022-10-19
"596",2460,NA,2022-11-21
"597",2460,NA,2022-11-21
"598",2460,NA,2022-11-21
"599",2460,NA,2022-11-21
"600",2460,NA,2022-11-21
"601",2403,NA,2022-11-21
"602",2403,NA,2022-11-21
"603",2403,NA,2022-11-21
"604",2403,NA,2022-11-21
"605",2403,NA,2022-11-21
"606",2402,NA,2022-11-21
"607",2402,NA,2022-11-21
"608",2402,NA,2022-11-21
"609",2402,NA,2022-11-21
"610",2402,NA,2022-11-21
"611",2404,NA,2022-11-21
"612",2404,NA,2022-11-21
"613",2404,NA,2022-11-21
"614",2404,NA,2022-11-21
"615",2404,NA,2022-11-21
"616",2461,NA,2022-11-21
"617",2461,NA,2022-11-21
"618",2461,NA,2022-11-21
"619",2461,NA,2022-11-21
"620",2461,NA,2022-11-21
"621",2458,NA,2022-11-21
"622",2458,NA,2022-11-21
"623",2458,NA,2022-11-21
"624",2458,NA,2022-11-21
"625",2458,NA,2022-11-21
"626",2462,NA,2022-11-21
"627",2462,NA,2022-11-21
"628",2462,NA,2022-11-21
"629",2462,NA,2022-11-21
"630",2462,NA,2022-11-21
"631",2401,NA,2022-11-21
"632",2401,NA,2022-11-21
"633",2401,NA,2022-11-21
"634",2401,NA,2022-11-21
"635",2401,NA,2022-11-21
"636",11,NA,2022-11-21
"637",11,NA,2022-11-21
"638",11,NA,2022-11-21
"639",11,NA,2022-11-21
"640",11,NA,2022-11-21
"641",12,NA,2022-11-21
"642",12,NA,2022-11-21
"643",12,NA,2022-11-21
"644",12,NA,2022-11-21
"645",12,NA,2022-11-21
"646",13,NA,2022-11-21
"647",13,NA,2022-11-21
"648",13,NA,2022-11-21
"649",13,NA,2022-11-21
"650",13,NA,2022-11-21
"651",14,NA,2022-11-21
"652",14,NA,2022-11-21
"653",14,NA,2022-11-21
"654",14,NA,2022-11-21
"655",14,NA,2022-11-21
"656",15,NA,2022-11-21
"657",15,NA,2022-11-21
"658",15,NA,2022-11-21
"659",15,NA,2022-11-21
"660",15,NA,2022-11-21
"661",2405,NA,2022-11-21
"662",2405,NA,2022-11-21
"663",2405,NA,2022-11-21
"664",2405,NA,2022-11-21
"665",2405,NA,2022-11-21
"666",2459,NA,2022-11-21
"667",2459,NA,2022-11-21
"668",2459,NA,2022-11-21
"669",2459,NA,2022-11-21
"670",2459,NA,2022-11-21
"671",2460,0.49277528649726,2023-05-17
"672",2460,0.59278111985192,2023-05-17
"673",2460,0.63719806763285,2023-05-17
"674",2460,0.134080936128718,2023-05-17
"675",2460,0.222760290556901,2023-05-17
"676",2403,0.47557003257329,2023-05-17
"677",2403,0.647786768205616,2023-05-17
"678",2403,0.758204633204633,2023-05-17
"679",2403,0.531589338598223,2023-05-17
"680",2403,0.687557603686636,2023-05-17
"681",2461,0.825790754257907,2023-05-17
"682",2461,0.473218444340941,2023-05-17
"683",2461,0.919867235656709,2023-05-17
"684",2461,0.891917293233083,2023-05-17
"685",2461,0.71596796985398,2023-05-17
"686",2458,0.807090239410681,2023-05-17
"687",2458,0.514712751050911,2023-05-17
"688",2458,0.700564971751412,2023-05-17
"689",2458,0.876901798063624,2023-05-17
"690",2458,0.863501483679525,2023-05-17
"691",2462,0.664448669201521,2023-05-17
"692",2462,0.686079545454545,2023-05-17
"693",2462,0.789449329014345,2023-05-17
"694",2462,0.848945561549779,2023-05-17
"695",2462,0.849333945796968,2023-05-17
"696",2401,1.003663003663,2023-05-17
"697",2401,0.834259259259259,2023-05-17
"698",2401,0.758893280632411,2023-05-17
"699",2401,0.956780923994039,2023-05-17
"700",2401,0.878717472118959,2023-05-17
"701",2459,0.970878346641616,2023-05-17
"702",2459,0.761576354679803,2023-05-17
"703",2459,0.982976653696498,2023-05-17
"704",2459,0.586915887850467,2023-05-17
"705",2459,0.711365902293121,2023-05-17
"706",2459,0.653718616769304,2023-05-17
"707",2459,0.694234404536862,2023-05-17
"708",2459,0.429857819905213,2023-05-17
"709",2459,0.836812144212524,2023-05-17
"710",2459,0.709373528026378,2023-05-17
"711",2459,0.784593437945792,2023-05-17
"712",2459,0.625665859564165,2023-05-17
"713",2459,0.78168362627197,2023-05-17
"714",2459,0.857474466109564,2023-05-17
"715",2404,0.883032824780398,2023-05-17
"716",2404,0.439060205580029,2023-05-17
"717",2404,0.424185167690128,2023-05-17
"718",2404,0.817677001388246,2023-05-17
"719",2404,0.83963133640553,2023-05-17
"720",2402,0.868188169538891,2023-05-17
"721",2402,0.870009285051068,2023-05-17
"722",2402,0.777886020457867,2023-05-17
"723",2402,0.876356772062294,2023-05-17
"724",2402,0.927901234567901,2023-05-17
"725",2405,0.956769596199525,2023-05-17
"726",2405,1.31198156682028,2023-05-17
"727",2405,0.868844914864243,2023-05-17
"728",2405,0.785948477751756,2023-05-17
"729",2405,0.514035895075932,2023-05-17
"730",11,0.591894439208294,2023-05-17
"731",11,0.814780168381665,2023-05-17
"732",11,0.907294117647059,2023-05-17
"733",11,0.804810360777058,2023-05-17
"734",11,0.821841739935215,2023-05-17
"735",12,0.862494073020389,2023-05-17
"736",12,0.839419475655431,2023-05-17
"737",12,0.89171974522293,2023-05-17
"738",12,0.821077283372365,2023-05-17
"739",12,0.794871794871795,2023-05-17
"740",12,0.932992089343881,2023-05-17
"741",12,0.717401392111369,2023-05-17
"742",12,0.769124423963134,2023-05-17
"743",12,0.927811198519204,2023-05-17
"744",12,0.786367795059469,2023-05-17
"745",13,0.858477347034096,2023-05-17
"746",13,0.560627674750357,2023-05-17
"747",13,0.889668069191211,2023-05-17
"748",13,0.777055271713888,2023-05-17
"749",13,0.902867715078631,2023-05-17
"750",14,0.66456003889159,2023-05-17
"751",14,0.718518518518519,2023-05-17
"752",14,0.818696883852691,2023-05-17
"753",14,0.596516690856314,2023-05-17
"754",14,0.392093023255814,2023-05-17
"755",15,0.670566214319139,2023-05-17
"756",15,0.806635071090047,2023-05-17
"757",15,0.938178386031147,2023-05-17
"758",15,0.803130929791271,2023-05-17
"759",15,0.811600928074246,2023-05-17
"760",2405,0.640840840840841,2023-09-25
"761",2405,0.628266033254157,2023-09-25
"762",2405,0.844132029339853,2023-09-25
"763",2405,0.636642156862745,2023-09-25
"764",2405,0.624253285543608,2023-09-25
"765",11,0.674019607843137,2023-09-25
"766",11,0.836697247706422,2023-09-25
"767",11,0.803140096618358,2023-09-25
"768",11,0.75906432748538,2023-09-25
"769",11,0.579914268218004,2023-09-25
"770",12,0.613283674736189,2023-09-25
"771",12,0.745086360929125,2023-09-25
"772",12,0.835266821345708,2023-09-25
"773",12,0.697448359659781,2023-09-25
"774",12,0.485436893203884,2023-09-25
"775",13,0.685196374622356,2023-09-25
"776",13,0.576900412492634,2023-09-25
"777",13,0.276978417266187,2023-09-25
"778",13,0.903775883069428,2023-09-25
"779",13,0.835534213685474,2023-09-25
"780",14,0.669436201780415,2023-09-25
"781",14,0.869170199878861,2023-09-25
"782",14,0.207570207570208,2023-09-25
"783",14,0.76219512195122,2023-09-25
"784",14,0.708652148322543,2023-09-25
"785",15,0.787969029184038,2023-09-25
"786",15,0.803680981595092,2023-09-25
"787",15,0.471923536439665,2023-09-25
"788",15,0.734244946492271,2023-09-25
"789",15,0.597826086956522,2023-09-25
"790",2460,0.214201183431953,2023-09-25
"791",2460,0.422559906487434,2023-09-25
"792",2460,0.228702115494568,2023-09-25
"793",2460,0.612684031710079,2023-09-25
"794",2460,0.474226804123711,2023-09-25
"795",2403,0.438466295609153,2023-09-25
"796",2403,0.598214285714286,2023-09-25
"797",2403,0.358545034642032,2023-09-25
"798",2403,0.446979038224414,2023-09-25
"799",2403,0.132676709154114,2023-09-25
"800",2402,0.596319018404908,2023-09-25
"801",2402,0.631419939577039,2023-09-25
"802",2402,0.585802469135802,2023-09-25
"803",2402,0.563592525617842,2023-09-25
"804",2402,0.662679425837321,2023-09-25
"805",2404,0.85748938750758,2023-09-25
"806",2404,0.896118721461187,2023-09-25
"807",2404,0.744512195121951,2023-09-25
"808",2404,0.758938869665513,2023-09-25
"809",2404,0.396928529238039,2023-09-25
"810",2461,0.527018822100789,2023-09-25
"811",2461,0.617890995260663,2023-09-25
"812",2461,0.736994219653179,2023-09-25
"813",2461,0.944377267230955,2023-09-25
"814",2461,0.446965399886557,2023-09-25
"815",2458,0.598813056379822,2023-09-25
"816",2458,0.745049504950495,2023-09-25
"817",2458,0.815039417828987,2023-09-25
"818",2458,0.711854460093897,2023-09-25
"819",2458,0.822560975609756,2023-09-25
"820",2401,0.878354203935599,2023-09-25
"821",2401,0.924505692031156,2023-09-25
"822",2401,0.608223872073101,2023-09-25
"823",2401,0.204033214709371,2023-09-25
"824",2401,0.543701024713683,2023-09-25
"825",2462,0.723153320918684,2023-09-25
"826",2462,0.883747831116252,2023-09-25
"827",2462,0.732684602175157,2023-09-25
"828",2462,0.604142011834319,2023-09-25
"829",2462,0.716012084592145,2023-09-25
"830",2459,0.778450363196126,2023-09-25
"831",2459,0.663402692778458,2023-09-25
"832",2459,0.215782983970407,2023-09-25
"833",2459,0.774289099526066,2023-09-25
"834",2459,0.611861421021726,2023-09-25
